[
    {
        "name": "\u0442\u0435\u0441\u0442",
        "firm_name": "\u0430\u0430\u0430\u0430",
        "firm_eik": "\u0442\u0435\u0441\u0442",
        "nareditel": "\u0442\u0435\u0441\u0442",
        "nareditel_iban": "\u0442\u0435\u0441\u0442",
        "payment_type": "\u0414\u0430\u043d\u044a\u0446\u0438"
    },
    {
        "name": "\u0442\u0435\u0441\u0442",
        "firm_name": "\u0430\u0430\u0430\u0430\u0431",
        "firm_eik": "\u0442\u0435\u0441\u0442",
        "nareditel": "\u0442\u0435\u0441\u0442",
        "nareditel_iban": "\u0442\u0435\u0441\u0442",
        "payment_type": "\u0414\u0430\u043d\u044a\u0446\u0438"
    }
]